,osm_id,code,fclass,population,name,geometry,altitud
915,671806634,1005,national_capital,8181047,Bogotá,POINT (-74.0836331 4.6533817),2552.55859375
197,344799743,1001,city,2441123,Medellín,POINT (-75.573553 6.2443382),1471.447021484375
74,274021463,1001,city,2285099,Cali,POINT (-76.5325259 3.4519988),1004.8972778320312
41858,1282585464,1001,city,623881,Bucaramanga,POINT (-73.1191299 7.1274586),
47985,9863038666,1001,city,530000,Ibagué,POINT (-75.2108857 4.4386033),1185.454345703125
46931,8448168093,1001,city,477027,Pereira,POINT (-75.6946778 4.8143159),1418.4542236328125
90,284074373,1001,city,458442,Manizales,POINT (-75.5066661 5.0668907),2097.842529296875
1052,703168221,1001,city,365607,Buenaventura,POINT (-77.0738324 3.8881929),13.84977912902832
43533,3377581135,1001,city,362163,Neiva,POINT (-75.2893937 2.9257038),448.3148193359375
106,299736407,1001,city,318059,Popayán,POINT (-76.6072368 2.4422295),1739.996337890625
102,293168610,1001,city,316926,Armenia,POINT (-75.6723751 4.536307),1477.9400634765625
1062,703168249,1001,city,199244,Tuluá,POINT (-76.1972779 4.0856667),975.4501953125
415,443814800,1001,city,116087,Quibdó,POINT (-76.6531337 5.6912838),48.91141128540039
43367,2978290242,1001,city,112425,Girardot,POINT (-74.8030739 4.3046383),285.63775634765625
62,263295783,1002,town,76187,La Dorada,POINT (-74.6618458 5.4457655),177.5717315673828
108,306358928,1002,town,55286,Puerto Boyacá,POINT (-74.5882837 5.9756376),145.38780212402344
320,404732744,1002,town,50719,San Vicente del Caguán,POINT (-74.7697347 2.1131213),
10021,703219870,1002,town,50367,Chaparral,POINT (-75.485156 3.7245851),857.0350952148438
4866,703187316,1002,town,39314,Puerto Berrío,POINT (-74.4020634 6.4899205),118.19755554199219
1011,703168156,1002,town,37337,Silvia,POINT (-76.378424 2.6115436),2496.86083984375
46377,7603964615,1002,town,36797,Roldanillo,POINT (-76.1543744 4.4091166),946.4822998046875
378,430200853,1002,town,31904,Suárez,POINT (-76.6948801 2.9543543),1080.0382080078125
42089,1633233368,1002,town,30742,Istmina,POINT (-76.685528 5.1593099),82.24781799316406
128,310688443,1002,town,28879,Inzá,POINT (-76.0643978 2.5500211),1814.23291015625
414,443806481,1002,town,27074,Ituango,POINT (-75.7640925 7.1723319),1597.491943359375
466,459584400,1002,town,24558,Totoró,POINT (-76.4011501 2.5109533),2587.78271484375
1998,703174788,1002,town,23044,Dabeiba,POINT (-76.2666243 7.0015209),429.7406311035156
45711,6699347780,1002,town,22481,Algeciras,POINT (-75.316688 2.5246661),996.2745971679688
144,316222471,1002,town,16223,Nuquí,POINT (-77.2710963 5.707435),4.487006664276123
3793,703179827,1002,town,9354,Buriticá,POINT (-75.9068707 6.719853),1641.91162109375
588,567941101,1003,village,5114,San José del Palmar,POINT (-76.2344948 4.8959467),1078.4112548828125
1246,703169002,1002,town,4911,Murindó,POINT (-76.8192432 6.9782419),9.527615547180176
304,374148629,1002,town,3319,Juradó,POINT (-77.7623252 7.1031695),4.891648292541504
48740,11112910679,1002,town,0,Docordó,POINT (-77.3646732 4.2580388),6.755162715911865
1210,703168885,1002,town,0,Ubaté,POINT (-73.8143002 5.3085888),2558.69384765625
1067,703168257,1002,town,0,Pizarro,POINT (-77.366788 4.9537522),4.297409534454346
1060,703168247,1002,town,0,Calima El Darién,POINT (-76.4842408 3.9318186),1513.8463134765625
350,419127302,1003,village,0,Chucurí,POINT (-74.0349748 6.8756215),91.92688751220703
15350,703234998,1003,village,0,Puracé,POINT (-76.4551183 2.3811038),2625.933349609375
